"","Regulon","CellType","RelativeActivity"
"1","AHCTF1(+)","NEU(1)",0.396650111022149
"2","ARID3A(+)","NEU(1)",1.40335077681659
"3","ARID5A(+)","NEU(1)",0.154935880241876
"8","ATF1(+)","NEU(1)",0.233585288161782
"9","ATF2(+)","NEU(1)",0.744644230295793
"12","ATF5(+)","NEU(1)",0.281852016140732
"13","ATF6(+)","NEU(1)",1.95665460837827
"14","ATF7(+)","NEU(1)",1.36057716820507
"15","BACH1(+)","NEU(1)",0.247397621333215
"19","BCL3(+)","NEU(1)",0.922929979404934
"20","BCL6(+)","NEU(1)",2.23884326463463
"23","BPTF(+)","NEU(1)",0.690294410852316
"24","BRF1(+)","NEU(1)",0.569005119010977
"28","CEBPD(+)","NEU(1)",0.176690498171664
"29","CEBPE(+)","NEU(1)",0.24943670521573
"32","CHD2(+)","NEU(1)",0.137314724691049
"33","CNOT3(+)","NEU(1)",0.715806527842178
"34","CREB1(+)","NEU(1)",1.68921352522957
"37","CREB3L4(+)","NEU(1)",1.60446053932049
"38","CREB5(+)","NEU(1)",2.30840458594247
"44","DEAF1(+)","NEU(1)",2.0739607363045
"47","E2F3(+)","NEU(1)",0.612797987817854
"48","E2F4(+)","NEU(1)",0.00941433479048499
"52","EGR2(+)","NEU(1)",0.664534555416075
"53","EGR3(+)","NEU(1)",1.11832041849951
"54","ELF1(+)","NEU(1)",0.078841975975088
"55","ELF2(+)","NEU(1)",0.571872365770412
"56","ELF3(+)","NEU(1)",0.210442024445547
"57","ELF4(+)","NEU(1)",0.413438266090568
"61","EP300(+)","NEU(1)",0.674334115577125
"62","ERF(+)","NEU(1)",0.333393237672727
"64","ETS1(+)","NEU(1)",0.281198152234157
"65","ETS2(+)","NEU(1)",0.0817876382325194
"66","ETV2(+)","NEU(1)",0.311970106431531
"67","ETV3(+)","NEU(1)",0.92643370521981
"70","ETV7(+)","NEU(1)",0.0106928116995095
"73","FOS(+)","NEU(1)",0.608962581801218
"74","FOSB(+)","NEU(1)",0.806872538615881
"75","FOSL1(+)","NEU(1)",0.0684679208182877
"76","FOSL2(+)","NEU(1)",0.245897743781719
"77","FOXJ2(+)","NEU(1)",0.243601753138472
"78","FOXJ3(+)","NEU(1)",1.53270926030489
"79","FOXK2(+)","NEU(1)",0.350825532931748
"80","FOXN2(+)","NEU(1)",1.10301520272794
"81","FOXO1(+)","NEU(1)",1.07629510346073
"82","FOXO3(+)","NEU(1)",0.775616854645927
"83","FOXO4(+)","NEU(1)",0.104613346722714
"84","FOXP1(+)","NEU(1)",0.483776074065074
"85","FOXP4(+)","NEU(1)",0.865713882592711
"86","GABPA(+)","NEU(1)",0.0143470083444177
"89","GATA2(+)","NEU(1)",0.094734955196247
"91","GTF2F1(+)","NEU(1)",0.201184781394116
"92","GZF1(+)","NEU(1)",1.29298648048025
"97","HIC1(+)","NEU(1)",0.796320166320851
"98","HMGA1(+)","NEU(1)",1.31120556173327
"100","HMGB3(+)","NEU(1)",0.836118375257575
"104","HSF1(+)","NEU(1)",1.90386850600181
"107","IKZF2(+)","NEU(1)",2.28880226161363
"108","IRF1(+)","NEU(1)",0.532544664640596
"109","IRF2(+)","NEU(1)",0.930476149912245
"112","IRF5(+)","NEU(1)",0.705451628563885
"113","IRF7(+)","NEU(1)",0.695744907246877
"115","IRF9(+)","NEU(1)",0.798562391744494
"116","JDP2(+)","NEU(1)",2.22911122359093
"117","JUN(+)","NEU(1)",0.186000770884456
"118","JUNB(+)","NEU(1)",0.811603246505969
"120","KDM5A(+)","NEU(1)",1.09899468290727
"122","KLF10(+)","NEU(1)",0.368009027136904
"125","KLF13(+)","NEU(1)",0.467414866024426
"126","KLF16(+)","NEU(1)",1.97995645121264
"127","KLF2(+)","NEU(1)",0.364166693049466
"130","KLF6(+)","NEU(1)",0.941964042800165
"132","LEF1(+)","NEU(1)",0.0560342318893096
"133","LMO2(+)","NEU(1)",0.940070645092285
"136","MAFF(+)","NEU(1)",1.15416200642371
"137","MAFG(+)","NEU(1)",1.52180298429256
"138","MAFK(+)","NEU(1)",0.129909763186535
"143","MEF2B(+)","NEU(1)",1.14933084840713
"144","MEF2D(+)","NEU(1)",0.381092608601981
"151","MXD1(+)","NEU(1)",0.966911579492966
"152","MXI1(+)","NEU(1)",0.291557541283961
"154","MYBL1(+)","NEU(1)",0.54046207500009
"158","NFE2(+)","NEU(1)",0.788499065089098
"159","NFE2L1(+)","NEU(1)",0.0919218711270798
"160","NFE2L2(+)","NEU(1)",0.400803373614884
"162","NFIC(+)","NEU(1)",1.28781994551251
"163","NFIL3(+)","NEU(1)",0.99017788355587
"165","NFKB2(+)","NEU(1)",1.24098479342638
"166","NFYA(+)","NEU(1)",2.1821684098268
"171","NR2C1(+)","NEU(1)",0.391269600469444
"173","NR2F6(+)","NEU(1)",1.70361736419272
"174","NR3C1(+)","NEU(1)",0.231561314410217
"175","NR4A2(+)","NEU(1)",0.181136740086647
"177","NRF1(+)","NEU(1)",0.291767507054555
"178","PBX1(+)","NEU(1)",0.564258217651144
"180","PHF2(+)","NEU(1)",2.02956560082338
"181","PHF8(+)","NEU(1)",1.66985947258563
"182","PML(+)","NEU(1)",1.24885408771173
"183","POLE3(+)","NEU(1)",0.558122582629236
"185","POLR2A(+)","NEU(1)",0.630818435416649
"186","POLR3A(+)","NEU(1)",0.622867761192994
"187","POU2F1(+)","NEU(1)",1.22967798681844
"188","PPARA(+)","NEU(1)",0.977499317105654
"190","PRKAA1(+)","NEU(1)",0.208824243305508
"191","RAD21(+)","NEU(1)",1.22696532286317
"192","RARA(+)","NEU(1)",1.4415457513446
"194","RB1(+)","NEU(1)",1.58295058637246
"196","RCOR1(+)","NEU(1)",1.15583551509521
"198","RELA(+)","NEU(1)",1.96164506625876
"199","RELB(+)","NEU(1)",0.77798808247899
"204","RFXAP(+)","NEU(1)",0.974021765575417
"205","RUNX2(+)","NEU(1)",0.116452583222727
"207","SAP30(+)","NEU(1)",0.056254596745654
"211","SMARCC1(+)","NEU(1)",0.602088496704822
"214","SNAI1(+)","NEU(1)",2.39085404622325
"215","SOX4(+)","NEU(1)",0.658158058015047
"216","SP1(+)","NEU(1)",1.7307572232225
"217","SP2(+)","NEU(1)",0.610559569066401
"219","SP4(+)","NEU(1)",1.99438675183227
"223","SREBF2(+)","NEU(1)",1.13872620523429
"225","STAT1(+)","NEU(1)",0.552451646470573
"226","STAT2(+)","NEU(1)",0.726282928012852
"227","STAT3(+)","NEU(1)",1.93187356053935
"228","STAT4(+)","NEU(1)",0.23668232196824
"229","STAT5A(+)","NEU(1)",1.97687043657653
"230","STAT6(+)","NEU(1)",1.7257822762781
"231","SUPT20H(+)","NEU(1)",1.19189302375995
"232","SUZ12(+)","NEU(1)",1.09095650118648
"233","TAF1(+)","NEU(1)",0.977692386670423
"234","TAF7(+)","NEU(1)",1.29254437952077
"237","TBP(+)","NEU(1)",1.13504322576234
"239","TBX21(+)","NEU(1)",0.736965294571627
"241","TCF12(+)","NEU(1)",0.232874323476923
"246","TCFL5(+)","NEU(1)",1.16115379314882
"247","TFAP4(+)","NEU(1)",2.42819082262264
"248","TFE3(+)","NEU(1)",1.26089244547375
"249","TFEB(+)","NEU(1)",0.81248883318364
"251","THAP1(+)","NEU(1)",0.188113907798265
"254","TRPS1(+)","NEU(1)",0.303380486683997
"256","USF1(+)","NEU(1)",1.82943554983167
"258","VDR(+)","NEU(1)",2.12885505640662
"259","WRNIP1(+)","NEU(1)",0.198236957291482
"261","XRCC4(+)","NEU(1)",0.390682938365203
"262","YY1(+)","NEU(1)",0.0953121401788244
"264","ZBTB14(+)","NEU(1)",1.7812605690719
"267","ZBTB33(+)","NEU(1)",0.115982119876197
"270","ZEB1(+)","NEU(1)",1.20964528363819
"271","ZFP1(+)","NEU(1)",0.28588731481446
"274","ZHX1(+)","NEU(1)",0.182421808850732
"275","ZMIZ1(+)","NEU(1)",0.189384784466488
"276","ZNF121(+)","NEU(1)",0.62857814739921
"278","ZNF200(+)","NEU(1)",2.47501264624744
"282","ZNF319(+)","NEU(1)",1.00576606545485
"284","ZNF358(+)","NEU(1)",0.702194527545215
"286","ZNF384(+)","NEU(1)",0.360301742308742
"287","ZNF43(+)","NEU(1)",0.87255167066695
"288","ZNF444(+)","NEU(1)",0.179697891798429
"289","ZNF467(+)","NEU(1)",2.24119352084447
"290","ZNF493(+)","NEU(1)",1.24393075506844
"292","ZNF587(+)","NEU(1)",0.59502834392588
"293","ZNF597(+)","NEU(1)",1.37422301805759
"294","ZNF669(+)","NEU(1)",1.36560332670349
"298","ZNF92(+)","NEU(1)",1.5086192785086
"327","CEBPE(+)","TolMono",0.785632965988308
"335","CREB3L4(+)","TolMono",0.980955279237227
"379","FOXO1(+)","TolMono",1.06377420666124
"397","HMGB2(+)","TolMono",0.135880376132765
"405","IKZF2(+)","TolMono",0.332426698506748
"427","KLF4(+)","TolMono",0.578125419638543
"435","MAFG(+)","TolMono",0.0155712100268618
"451","MYB(+)","TolMono",0.198535177681812
"478","PHF2(+)","TolMono",0.209232893344595
"481","POLE3(+)","TolMono",0.487899412109042
"500","RFX5(+)","TolMono",0.363105957228359
"519","SPIB(+)","TolMono",0.00023705896450729
"545","TFAP4(+)","TolMono",0.597397952290787
"556","VDR(+)","TolMono",0.25346350062671
"571","ZFY(+)","TolMono",0.0388499010937961
"577","ZNF236(+)","TolMono",0.0973035931462744
"578","ZNF254(+)","TolMono",0.55404493806459
"590","ZNF587(+)","TolMono",0.839059132505131
"595","ZNF844(+)","TolMono",0.0552145676082742
"596","ZNF92(+)","TolMono",0.771248383881516
"597","AHCTF1(+)","CD14+Mono(2)",0.552506015113022
"598","ARID3A(+)","CD14+Mono(2)",0.670575608203873
"600","ARNT(+)","CD14+Mono(2)",1.19206332497102
"601","ARNTL(+)","CD14+Mono(2)",0.654680643724724
"602","ARNTL2(+)","CD14+Mono(2)",0.846731101042644
"603","ASCL2(+)","CD14+Mono(2)",0.352526529851666
"604","ATF1(+)","CD14+Mono(2)",1.71517357672846
"605","ATF2(+)","CD14+Mono(2)",0.717329467659515
"606","ATF3(+)","CD14+Mono(2)",0.574824071061034
"607","ATF4(+)","CD14+Mono(2)",0.483747455963259
"608","ATF5(+)","CD14+Mono(2)",0.981801982317065
"609","ATF6(+)","CD14+Mono(2)",0.229931671913519
"610","ATF7(+)","CD14+Mono(2)",1.17049036684091
"611","BACH1(+)","CD14+Mono(2)",1.15198763899647
"614","BCL11A(+)","CD14+Mono(2)",0.410914228246547
"615","BCL3(+)","CD14+Mono(2)",0.223392666966618
"616","BCL6(+)","CD14+Mono(2)",0.101769940321542
"617","BCLAF1(+)","CD14+Mono(2)",1.22544648836766
"618","BHLHE40(+)","CD14+Mono(2)",0.941762194450046
"619","BPTF(+)","CD14+Mono(2)",1.19141219783164
"620","BRF1(+)","CD14+Mono(2)",0.909608604395837
"621","BRF2(+)","CD14+Mono(2)",0.77994394799454
"622","CEBPA(+)","CD14+Mono(2)",1.48510921090137
"623","CEBPB(+)","CD14+Mono(2)",0.611497214095555
"624","CEBPD(+)","CD14+Mono(2)",1.13545232156065
"625","CEBPE(+)","CD14+Mono(2)",1.18569009176423
"626","CEBPG(+)","CD14+Mono(2)",1.35472818226419
"627","CEBPZ(+)","CD14+Mono(2)",0.116530809748328
"628","CHD2(+)","CD14+Mono(2)",0.841283459129568
"629","CNOT3(+)","CD14+Mono(2)",0.722406260509029
"630","CREB1(+)","CD14+Mono(2)",0.43236704341161
"631","CREB3(+)","CD14+Mono(2)",0.985374376074536
"632","CREB3L2(+)","CD14+Mono(2)",1.43390917798467
"634","CREB5(+)","CD14+Mono(2)",0.159707849788872
"635","CREBL2(+)","CD14+Mono(2)",1.8013639837969
"636","CREM(+)","CD14+Mono(2)",0.0175718921970306
"637","CTCF(+)","CD14+Mono(2)",1.12847589514078
"639","DBP(+)","CD14+Mono(2)",0.981617987766004
"642","E2F2(+)","CD14+Mono(2)",1.04049473931927
"643","E2F3(+)","CD14+Mono(2)",1.15186006874838
"644","E2F4(+)","CD14+Mono(2)",0.19882458131473
"645","E2F5(+)","CD14+Mono(2)",0.911543453431309
"646","E2F6(+)","CD14+Mono(2)",0.481528988619909
"647","EGR1(+)","CD14+Mono(2)",0.595705302895712
"648","EGR2(+)","CD14+Mono(2)",0.0276951850103001
"650","ELF1(+)","CD14+Mono(2)",0.565090863160216
"651","ELF2(+)","CD14+Mono(2)",1.09570533603193
"652","ELF3(+)","CD14+Mono(2)",0.884992835271614
"653","ELF4(+)","CD14+Mono(2)",1.36807642290574
"654","ELK1(+)","CD14+Mono(2)",0.622851300761647
"655","ELK3(+)","CD14+Mono(2)",0.330454119848632
"656","ELK4(+)","CD14+Mono(2)",1.23516654053376
"657","EP300(+)","CD14+Mono(2)",0.99268341006491
"658","ERF(+)","CD14+Mono(2)",0.936117552499854
"659","ESRRA(+)","CD14+Mono(2)",0.29289294572715
"660","ETS1(+)","CD14+Mono(2)",0.553035256712106
"661","ETS2(+)","CD14+Mono(2)",0.71669991280685
"662","ETV2(+)","CD14+Mono(2)",0.666594667555673
"663","ETV3(+)","CD14+Mono(2)",0.660923870934942
"664","ETV5(+)","CD14+Mono(2)",0.593164135807094
"665","ETV6(+)","CD14+Mono(2)",1.03564909980974
"666","ETV7(+)","CD14+Mono(2)",0.386733347179121
"667","EZH2(+)","CD14+Mono(2)",1.14973187854417
"668","FLI1(+)","CD14+Mono(2)",0.495216304496005
"669","FOS(+)","CD14+Mono(2)",0.868852390500736
"670","FOSB(+)","CD14+Mono(2)",0.604189259544648
"671","FOSL1(+)","CD14+Mono(2)",0.588380081461599
"672","FOSL2(+)","CD14+Mono(2)",0.850275512198535
"673","FOXJ2(+)","CD14+Mono(2)",1.27466150332765
"674","FOXJ3(+)","CD14+Mono(2)",1.22965844349026
"675","FOXK2(+)","CD14+Mono(2)",1.49850336660452
"676","FOXN2(+)","CD14+Mono(2)",1.14521205673537
"677","FOXO1(+)","CD14+Mono(2)",0.520427336229111
"679","FOXO4(+)","CD14+Mono(2)",1.25591603147697
"680","FOXP1(+)","CD14+Mono(2)",0.868136332937561
"681","FOXP4(+)","CD14+Mono(2)",0.912748944161905
"682","GABPA(+)","CD14+Mono(2)",0.214876443471718
"683","GABPB1(+)","CD14+Mono(2)",0.39148662571755
"686","GATA3(+)","CD14+Mono(2)",1.11929678132129
"687","GTF2F1(+)","CD14+Mono(2)",0.637994642115482
"688","GZF1(+)","CD14+Mono(2)",0.446892410830019
"690","HCFC1(+)","CD14+Mono(2)",0.576887292527231
"691","HDAC2(+)","CD14+Mono(2)",1.07848829938818
"692","HES1(+)","CD14+Mono(2)",0.322172286966515
"693","HIC1(+)","CD14+Mono(2)",1.19314601492477
"695","HMGB2(+)","CD14+Mono(2)",1.26289546145878
"696","HMGB3(+)","CD14+Mono(2)",0.53560460090342
"697","HMGN3(+)","CD14+Mono(2)",1.4910353313263
"699","HOXB4(+)","CD14+Mono(2)",1.51239467974785
"701","ID1(+)","CD14+Mono(2)",0.882948450525623
"702","IKZF1(+)","CD14+Mono(2)",0.157360284796662
"704","IRF1(+)","CD14+Mono(2)",0.433545909104165
"705","IRF2(+)","CD14+Mono(2)",0.282386500422408
"706","IRF3(+)","CD14+Mono(2)",1.23320582595124
"707","IRF4(+)","CD14+Mono(2)",1.09974785755536
"708","IRF5(+)","CD14+Mono(2)",0.822942056871083
"709","IRF7(+)","CD14+Mono(2)",0.199355795123183
"710","IRF8(+)","CD14+Mono(2)",1.18764622555856
"711","IRF9(+)","CD14+Mono(2)",0.322426596531754
"713","JUN(+)","CD14+Mono(2)",0.648341111025299
"714","JUNB(+)","CD14+Mono(2)",0.320357021242594
"715","JUND(+)","CD14+Mono(2)",0.935022653190596
"716","KDM5A(+)","CD14+Mono(2)",0.717929554877533
"717","KDM5B(+)","CD14+Mono(2)",0.991349752836812
"718","KLF10(+)","CD14+Mono(2)",0.0923232203306685
"719","KLF11(+)","CD14+Mono(2)",0.732920293352967
"721","KLF13(+)","CD14+Mono(2)",0.996763773237354
"724","KLF3(+)","CD14+Mono(2)",0.105231822428468
"725","KLF4(+)","CD14+Mono(2)",0.183496117252944
"726","KLF6(+)","CD14+Mono(2)",0.54041360927124
"730","MAF(+)","CD14+Mono(2)",0.465783082245409
"731","MAFB(+)","CD14+Mono(2)",0.909365794523927
"732","MAFF(+)","CD14+Mono(2)",0.0815511740814677
"734","MAFK(+)","CD14+Mono(2)",0.853516176935043
"735","MAGEF1(+)","CD14+Mono(2)",0.613186542717526
"737","MAZ(+)","CD14+Mono(2)",0.439369190620932
"738","MEF2A(+)","CD14+Mono(2)",0.606030931140125
"739","MEF2B(+)","CD14+Mono(2)",0.823446435338225
"740","MEF2D(+)","CD14+Mono(2)",0.405818639285116
"742","MITF(+)","CD14+Mono(2)",1.162927961292
"743","MLX(+)","CD14+Mono(2)",1.05070859676731
"744","MLXIP(+)","CD14+Mono(2)",0.699280251156764
"745","MNT(+)","CD14+Mono(2)",0.255564963755352
"747","MXD1(+)","CD14+Mono(2)",0.609239948312069
"748","MXI1(+)","CD14+Mono(2)",1.33138370675223
"749","MYB(+)","CD14+Mono(2)",1.25781389204845
"750","MYBL1(+)","CD14+Mono(2)",0.511254285535547
"751","MYC(+)","CD14+Mono(2)",1.16225812639429
"752","NELFE(+)","CD14+Mono(2)",0.701631409028937
"754","NFE2(+)","CD14+Mono(2)",0.511116242277634
"755","NFE2L1(+)","CD14+Mono(2)",0.643698446885528
"756","NFE2L2(+)","CD14+Mono(2)",0.0832828393708737
"757","NFE2L3(+)","CD14+Mono(2)",1.17605983342333
"758","NFIC(+)","CD14+Mono(2)",0.858643408089884
"759","NFIL3(+)","CD14+Mono(2)",0.437024305825318
"760","NFKB1(+)","CD14+Mono(2)",0.80784030631156
"761","NFKB2(+)","CD14+Mono(2)",0.101004385133191
"763","NFYB(+)","CD14+Mono(2)",0.499544675768568
"764","NR1D1(+)","CD14+Mono(2)",0.644993289002897
"765","NR1D2(+)","CD14+Mono(2)",0.69458004761046
"767","NR2C1(+)","CD14+Mono(2)",0.201877805677284
"768","NR2C2(+)","CD14+Mono(2)",0.545088118071088
"769","NR2F6(+)","CD14+Mono(2)",0.365130612298406
"770","NR3C1(+)","CD14+Mono(2)",1.45057523352478
"771","NR4A2(+)","CD14+Mono(2)",0.6235194304215
"772","NR6A1(+)","CD14+Mono(2)",0.834953012027044
"773","NRF1(+)","CD14+Mono(2)",0.924762768526941
"775","PBX3(+)","CD14+Mono(2)",0.784924728185871
"777","PHF8(+)","CD14+Mono(2)",0.45970349236367
"778","PML(+)","CD14+Mono(2)",0.0713456806583407
"779","POLE3(+)","CD14+Mono(2)",0.778283766818222
"780","POLE4(+)","CD14+Mono(2)",1.02578640657649
"781","POLR2A(+)","CD14+Mono(2)",0.483848204490104
"782","POLR3A(+)","CD14+Mono(2)",0.804819281389196
"783","POU2F1(+)","CD14+Mono(2)",0.309459642518222
"784","PPARA(+)","CD14+Mono(2)",1.12761083909394
"785","PRDM1(+)","CD14+Mono(2)",0.73757489014179
"786","PRKAA1(+)","CD14+Mono(2)",0.310622685698537
"787","RAD21(+)","CD14+Mono(2)",0.601371869652021
"789","RARG(+)","CD14+Mono(2)",1.37372007707415
"790","RB1(+)","CD14+Mono(2)",0.518129218485352
"791","RBBP5(+)","CD14+Mono(2)",0.746729097052364
"792","RCOR1(+)","CD14+Mono(2)",0.714216742207815
"793","REL(+)","CD14+Mono(2)",0.0262322385454862
"794","RELA(+)","CD14+Mono(2)",0.168214104495445
"795","RELB(+)","CD14+Mono(2)",0.494159399285708
"796","REST(+)","CD14+Mono(2)",0.707075935267171
"797","RFX2(+)","CD14+Mono(2)",0.338295059607765
"798","RFX5(+)","CD14+Mono(2)",0.614273695694708
"799","RFXANK(+)","CD14+Mono(2)",0.488387087039705
"800","RFXAP(+)","CD14+Mono(2)",0.574791034519133
"803","SAP30(+)","CD14+Mono(2)",1.2748971125961
"804","SETDB1(+)","CD14+Mono(2)",1.00189525043618
"805","SIN3A(+)","CD14+Mono(2)",1.13998253271323
"806","SMARCA4(+)","CD14+Mono(2)",0.0382260667958987
"807","SMARCC1(+)","CD14+Mono(2)",0.188549764498329
"808","SMARCC2(+)","CD14+Mono(2)",0.925105431021636
"809","SMC3(+)","CD14+Mono(2)",0.0427262905712187
"811","SOX4(+)","CD14+Mono(2)",1.16197264269802
"812","SP1(+)","CD14+Mono(2)",0.920729757846705
"813","SP2(+)","CD14+Mono(2)",0.939699932634994
"814","SP3(+)","CD14+Mono(2)",1.9439459245241
"816","SPI1(+)","CD14+Mono(2)",0.4703512539589
"817","SPIB(+)","CD14+Mono(2)",0.311824394722549
"818","SREBF1(+)","CD14+Mono(2)",1.1934119182163
"819","SREBF2(+)","CD14+Mono(2)",0.452403757397345
"820","SRF(+)","CD14+Mono(2)",0.826299994196724
"821","STAT1(+)","CD14+Mono(2)",0.534789012357267
"822","STAT2(+)","CD14+Mono(2)",0.655678681763846
"823","STAT3(+)","CD14+Mono(2)",0.351280428314516
"825","STAT5A(+)","CD14+Mono(2)",0.653338321486518
"827","SUPT20H(+)","CD14+Mono(2)",0.682338941001204
"828","SUZ12(+)","CD14+Mono(2)",0.265634064232414
"829","TAF1(+)","CD14+Mono(2)",0.783027825350799
"830","TAF7(+)","CD14+Mono(2)",0.683854658933878
"832","TBL1XR1(+)","CD14+Mono(2)",0.656106068271265
"833","TBP(+)","CD14+Mono(2)",0.732035113088448
"834","TBX19(+)","CD14+Mono(2)",0.119022968594087
"836","TBX6(+)","CD14+Mono(2)",1.13173266943744
"837","TCF12(+)","CD14+Mono(2)",0.538043520502162
"838","TCF3(+)","CD14+Mono(2)",0.737421938535794
"839","TCF4(+)","CD14+Mono(2)",0.776300246921583
"842","TCFL5(+)","CD14+Mono(2)",0.668484050319544
"845","TFEB(+)","CD14+Mono(2)",0.331962159171885
"846","TFEC(+)","CD14+Mono(2)",0.852181109385172
"847","THAP1(+)","CD14+Mono(2)",1.17974080395062
"849","TRIM28(+)","CD14+Mono(2)",0.604554584492706
"850","TRPS1(+)","CD14+Mono(2)",1.36554058321108
"851","UBTF(+)","CD14+Mono(2)",1.0278204607806
"852","USF1(+)","CD14+Mono(2)",0.590437940468548
"853","USF2(+)","CD14+Mono(2)",0.236257255401084
"855","WRNIP1(+)","CD14+Mono(2)",1.28460972412021
"856","XBP1(+)","CD14+Mono(2)",1.12207833342691
"857","XRCC4(+)","CD14+Mono(2)",0.626225004240904
"858","YY1(+)","CD14+Mono(2)",1.32014160531243
"860","ZBTB14(+)","CD14+Mono(2)",0.956732470470702
"861","ZBTB16(+)","CD14+Mono(2)",1.63514323303913
"862","ZBTB17(+)","CD14+Mono(2)",0.251963665982948
"863","ZBTB33(+)","CD14+Mono(2)",1.59695371289786
"865","ZBTB7B(+)","CD14+Mono(2)",1.59439242627746
"867","ZFP1(+)","CD14+Mono(2)",1.36673555130104
"868","ZFX(+)","CD14+Mono(2)",1.3603753188614
"869","ZFY(+)","CD14+Mono(2)",0.961450369182282
"870","ZHX1(+)","CD14+Mono(2)",1.00050785189362
"871","ZMIZ1(+)","CD14+Mono(2)",1.3148284475769
"872","ZNF121(+)","CD14+Mono(2)",1.40984852140042
"873","ZNF143(+)","CD14+Mono(2)",0.757278226560458
"875","ZNF236(+)","CD14+Mono(2)",0.791115695641765
"876","ZNF254(+)","CD14+Mono(2)",0.626479601981219
"877","ZNF274(+)","CD14+Mono(2)",1.1680548733403
"878","ZNF319(+)","CD14+Mono(2)",0.107785078606093
"879","ZNF350(+)","CD14+Mono(2)",1.14204634942305
"880","ZNF358(+)","CD14+Mono(2)",0.431924009917716
"881","ZNF362(+)","CD14+Mono(2)",0.696847145614239
"882","ZNF384(+)","CD14+Mono(2)",0.502912314086833
"883","ZNF43(+)","CD14+Mono(2)",0.847418695292465
"884","ZNF444(+)","CD14+Mono(2)",0.312538334358631
"886","ZNF493(+)","CD14+Mono(2)",0.0958620279001675
"887","ZNF570(+)","CD14+Mono(2)",1.56073810631563
"889","ZNF597(+)","CD14+Mono(2)",0.375369512964178
"890","ZNF669(+)","CD14+Mono(2)",0.474130652236434
"892","ZNF84(+)","CD14+Mono(2)",0.72244343443151
"893","ZNF844(+)","CD14+Mono(2)",1.27835285983143
"895","AHCTF1(+)","CD14+Mono(1)",0.288814540995015
"896","ARID3A(+)","CD14+Mono(1)",0.850732059657589
"897","ARID5A(+)","CD14+Mono(1)",0.650483157489791
"898","ARNT(+)","CD14+Mono(1)",1.60092176764516
"899","ARNTL(+)","CD14+Mono(1)",0.991237468297565
"900","ARNTL2(+)","CD14+Mono(1)",1.53821844236794
"901","ASCL2(+)","CD14+Mono(1)",0.812001251538245
"902","ATF1(+)","CD14+Mono(1)",1.24050082812422
"903","ATF2(+)","CD14+Mono(1)",0.900655101566846
"904","ATF3(+)","CD14+Mono(1)",1.12981354334042
"905","ATF4(+)","CD14+Mono(1)",1.30291758730486
"906","ATF5(+)","CD14+Mono(1)",1.07966451535136
"908","ATF7(+)","CD14+Mono(1)",0.665287295915729
"909","BACH1(+)","CD14+Mono(1)",1.15257441462869
"911","BATF3(+)","CD14+Mono(1)",0.0268625049578499
"912","BCL11A(+)","CD14+Mono(1)",1.05846439766535
"913","BCL3(+)","CD14+Mono(1)",0.981510920620112
"914","BCL6(+)","CD14+Mono(1)",0.191594816373422
"915","BCLAF1(+)","CD14+Mono(1)",0.734213067143435
"916","BHLHE40(+)","CD14+Mono(1)",0.925406742374041
"917","BPTF(+)","CD14+Mono(1)",1.28148845637191
"918","BRF1(+)","CD14+Mono(1)",1.00942747014911
"919","BRF2(+)","CD14+Mono(1)",0.810846216613103
"921","CEBPB(+)","CD14+Mono(1)",1.00870171359482
"922","CEBPD(+)","CD14+Mono(1)",1.26939478088174
"923","CEBPE(+)","CD14+Mono(1)",1.10878161027905
"924","CEBPG(+)","CD14+Mono(1)",1.36860314703127
"925","CEBPZ(+)","CD14+Mono(1)",0.837747336089219
"926","CHD2(+)","CD14+Mono(1)",1.22910676917087
"927","CNOT3(+)","CD14+Mono(1)",1.27042820165206
"928","CREB1(+)","CD14+Mono(1)",0.525626261427231
"929","CREB3(+)","CD14+Mono(1)",1.261827207523
"930","CREB3L2(+)","CD14+Mono(1)",0.482164981639793
"932","CREB5(+)","CD14+Mono(1)",0.237131278259195
"933","CREBL2(+)","CD14+Mono(1)",0.56396878824903
"934","CREM(+)","CD14+Mono(1)",0.0263356442250862
"935","CTCF(+)","CD14+Mono(1)",1.38783248461893
"936","CUX1(+)","CD14+Mono(1)",0.319705776568903
"937","DBP(+)","CD14+Mono(1)",1.33043963974955
"938","DEAF1(+)","CD14+Mono(1)",0.244609143013015
"940","E2F2(+)","CD14+Mono(1)",0.686166521074416
"941","E2F3(+)","CD14+Mono(1)",0.819515398549702
"942","E2F4(+)","CD14+Mono(1)",0.375677764128426
"943","E2F5(+)","CD14+Mono(1)",1.05313939492485
"944","E2F6(+)","CD14+Mono(1)",1.42889982492114
"945","EGR1(+)","CD14+Mono(1)",1.04721250284955
"946","EGR2(+)","CD14+Mono(1)",0.185567191288113
"948","ELF1(+)","CD14+Mono(1)",0.549879660051395
"949","ELF2(+)","CD14+Mono(1)",0.697282275679576
"950","ELF3(+)","CD14+Mono(1)",0.950384726577957
"951","ELF4(+)","CD14+Mono(1)",0.942969553506137
"952","ELK1(+)","CD14+Mono(1)",1.37917383522973
"953","ELK3(+)","CD14+Mono(1)",0.596669700725112
"954","ELK4(+)","CD14+Mono(1)",1.10088538210484
"955","EP300(+)","CD14+Mono(1)",0.997239880998774
"956","ERF(+)","CD14+Mono(1)",1.12416258114504
"957","ESRRA(+)","CD14+Mono(1)",0.972120319404513
"958","ETS1(+)","CD14+Mono(1)",0.234272512178932
"959","ETS2(+)","CD14+Mono(1)",1.03783953637889
"960","ETV2(+)","CD14+Mono(1)",1.50488396755778
"961","ETV3(+)","CD14+Mono(1)",0.866965454520335
"962","ETV5(+)","CD14+Mono(1)",1.14880130681113
"963","ETV6(+)","CD14+Mono(1)",1.04140005122981
"964","ETV7(+)","CD14+Mono(1)",1.07799597744933
"965","EZH2(+)","CD14+Mono(1)",1.30190440904522
"966","FLI1(+)","CD14+Mono(1)",0.174254218107054
"967","FOS(+)","CD14+Mono(1)",1.15833793888023
"968","FOSB(+)","CD14+Mono(1)",0.985583188850993
"969","FOSL1(+)","CD14+Mono(1)",1.05883957075202
"970","FOSL2(+)","CD14+Mono(1)",1.48238519965661
"971","FOXJ2(+)","CD14+Mono(1)",1.02240463006028
"972","FOXJ3(+)","CD14+Mono(1)",0.159471411562197
"973","FOXK2(+)","CD14+Mono(1)",0.961536893188601
"974","FOXN2(+)","CD14+Mono(1)",0.308769813138286
"977","FOXO4(+)","CD14+Mono(1)",1.2794661699501
"978","FOXP1(+)","CD14+Mono(1)",1.05414730012104
"979","FOXP4(+)","CD14+Mono(1)",0.958549668878568
"980","GABPA(+)","CD14+Mono(1)",1.0363038129457
"981","GABPB1(+)","CD14+Mono(1)",1.65617525385213
"984","GATA3(+)","CD14+Mono(1)",1.37809247544036
"985","GTF2F1(+)","CD14+Mono(1)",0.88623550197493
"986","GZF1(+)","CD14+Mono(1)",0.531548400961215
"988","HCFC1(+)","CD14+Mono(1)",1.25609700685434
"989","HDAC2(+)","CD14+Mono(1)",0.681648913178159
"990","HES1(+)","CD14+Mono(1)",1.63003931404817
"992","HMGA1(+)","CD14+Mono(1)",0.462981019143628
"993","HMGB2(+)","CD14+Mono(1)",1.43082929645232
"994","HMGB3(+)","CD14+Mono(1)",0.343361921374606
"995","HMGN3(+)","CD14+Mono(1)",0.697210225981479
"996","HOXA10(+)","CD14+Mono(1)",0.852424570654408
"997","HOXB4(+)","CD14+Mono(1)",1.42104996669213
"999","ID1(+)","CD14+Mono(1)",0.720631571763073
"1000","IKZF1(+)","CD14+Mono(1)",0.818060509401497
"1002","IRF1(+)","CD14+Mono(1)",0.893851952259928
"1003","IRF2(+)","CD14+Mono(1)",1.06248718799746
"1004","IRF3(+)","CD14+Mono(1)",1.20621745158967
"1005","IRF4(+)","CD14+Mono(1)",0.650267674435696
"1006","IRF5(+)","CD14+Mono(1)",0.447642965692773
"1007","IRF7(+)","CD14+Mono(1)",0.939122541983865
"1008","IRF8(+)","CD14+Mono(1)",1.28184047689897
"1009","IRF9(+)","CD14+Mono(1)",0.801580939662871
"1011","JUN(+)","CD14+Mono(1)",1.3073411631049
"1012","JUNB(+)","CD14+Mono(1)",1.13162681403944
"1013","JUND(+)","CD14+Mono(1)",1.2067266924524
"1014","KDM5A(+)","CD14+Mono(1)",0.528339912810646
"1015","KDM5B(+)","CD14+Mono(1)",1.16606703027007
"1016","KLF10(+)","CD14+Mono(1)",0.858128617008312
"1017","KLF11(+)","CD14+Mono(1)",0.950578535378515
"1018","KLF12(+)","CD14+Mono(1)",0.676681641905571
"1019","KLF13(+)","CD14+Mono(1)",1.19993876970939
"1020","KLF16(+)","CD14+Mono(1)",0.748064371165583
"1021","KLF2(+)","CD14+Mono(1)",0.820229051300371
"1022","KLF3(+)","CD14+Mono(1)",0.0641653172506125
"1024","KLF6(+)","CD14+Mono(1)",0.722318708854982
"1027","LMO2(+)","CD14+Mono(1)",0.860306225904043
"1028","MAF(+)","CD14+Mono(1)",0.728125727093103
"1029","MAFB(+)","CD14+Mono(1)",0.932811706107161
"1030","MAFF(+)","CD14+Mono(1)",0.599858973250872
"1031","MAFG(+)","CD14+Mono(1)",0.0964966273623459
"1032","MAFK(+)","CD14+Mono(1)",1.29480685694184
"1033","MAGEF1(+)","CD14+Mono(1)",0.512192270642326
"1035","MAZ(+)","CD14+Mono(1)",0.856987298477152
"1036","MEF2A(+)","CD14+Mono(1)",1.78580969215875
"1037","MEF2B(+)","CD14+Mono(1)",0.955984501860716
"1038","MEF2D(+)","CD14+Mono(1)",1.05561763303421
"1039","MGA(+)","CD14+Mono(1)",0.500440407612115
"1040","MITF(+)","CD14+Mono(1)",1.42996059923729
"1041","MLX(+)","CD14+Mono(1)",0.907286649809238
"1042","MLXIP(+)","CD14+Mono(1)",1.04639699505138
"1043","MNT(+)","CD14+Mono(1)",1.25353362030362
"1044","MTA3(+)","CD14+Mono(1)",0.0533842172788503
"1045","MXD1(+)","CD14+Mono(1)",1.02952888858848
"1046","MXI1(+)","CD14+Mono(1)",1.02431822505952
"1047","MYB(+)","CD14+Mono(1)",1.73007733187758
"1048","MYBL1(+)","CD14+Mono(1)",0.61330888695659
"1049","MYC(+)","CD14+Mono(1)",1.11533387401731
"1050","NELFE(+)","CD14+Mono(1)",0.960024504900192
"1051","NF1(+)","CD14+Mono(1)",0.217644501841047
"1052","NFE2(+)","CD14+Mono(1)",0.698808330104928
"1053","NFE2L1(+)","CD14+Mono(1)",0.932157588692376
"1055","NFE2L3(+)","CD14+Mono(1)",0.954956809607433
"1056","NFIC(+)","CD14+Mono(1)",0.744404938922734
"1057","NFIL3(+)","CD14+Mono(1)",0.89594139630256
"1058","NFKB1(+)","CD14+Mono(1)",0.771000079810629
"1059","NFKB2(+)","CD14+Mono(1)",0.684171160329457
"1060","NFYA(+)","CD14+Mono(1)",0.237420787473287
"1061","NFYB(+)","CD14+Mono(1)",0.516835800228067
"1062","NR1D1(+)","CD14+Mono(1)",0.250529183210547
"1063","NR1D2(+)","CD14+Mono(1)",0.936713964153931
"1065","NR2C1(+)","CD14+Mono(1)",0.92761663387997
"1066","NR2C2(+)","CD14+Mono(1)",0.285623140915501
"1067","NR2F6(+)","CD14+Mono(1)",0.704785684092833
"1068","NR3C1(+)","CD14+Mono(1)",1.00998856545038
"1069","NR4A2(+)","CD14+Mono(1)",0.488675848552021
"1070","NR6A1(+)","CD14+Mono(1)",0.265913432396099
"1071","NRF1(+)","CD14+Mono(1)",1.34961059385357
"1073","PBX3(+)","CD14+Mono(1)",0.896590664199232
"1075","PHF8(+)","CD14+Mono(1)",0.92528058418546
"1076","PML(+)","CD14+Mono(1)",0.506991282919347
"1077","POLE3(+)","CD14+Mono(1)",0.058858612562301
"1078","POLE4(+)","CD14+Mono(1)",1.6520627122353
"1079","POLR2A(+)","CD14+Mono(1)",1.06851672293106
"1080","POLR3A(+)","CD14+Mono(1)",1.50572362114129
"1081","POU2F1(+)","CD14+Mono(1)",0.550134776557105
"1082","PPARA(+)","CD14+Mono(1)",0.428487261542885
"1083","PRDM1(+)","CD14+Mono(1)",1.14354225152552
"1084","PRKAA1(+)","CD14+Mono(1)",1.63695279831338
"1085","RAD21(+)","CD14+Mono(1)",0.987665171212053
"1086","RARA(+)","CD14+Mono(1)",0.165105380980914
"1087","RARG(+)","CD14+Mono(1)",1.11540081441905
"1089","RBBP5(+)","CD14+Mono(1)",1.07948961520945
"1090","RCOR1(+)","CD14+Mono(1)",0.445695753530564
"1091","REL(+)","CD14+Mono(1)",0.10848931534216
"1092","RELA(+)","CD14+Mono(1)",0.266304456245878
"1093","RELB(+)","CD14+Mono(1)",0.801341668783284
"1094","REST(+)","CD14+Mono(1)",1.02047400704089
"1095","RFX2(+)","CD14+Mono(1)",0.110463057632533
"1096","RFX5(+)","CD14+Mono(1)",0.696303779269176
"1097","RFXANK(+)","CD14+Mono(1)",0.741389798757543
"1098","RFXAP(+)","CD14+Mono(1)",0.924912380746601
"1101","SAP30(+)","CD14+Mono(1)",1.11359098221931
"1102","SETDB1(+)","CD14+Mono(1)",0.934296505082307
"1103","SIN3A(+)","CD14+Mono(1)",1.08719139326553
"1104","SMARCA4(+)","CD14+Mono(1)",0.123007032031124
"1105","SMARCC1(+)","CD14+Mono(1)",0.949523631132591
"1106","SMARCC2(+)","CD14+Mono(1)",1.54557105024916
"1108","SNAI1(+)","CD14+Mono(1)",0.0266701546587084
"1109","SOX4(+)","CD14+Mono(1)",1.4724214255335
"1110","SP1(+)","CD14+Mono(1)",0.604692068394627
"1111","SP2(+)","CD14+Mono(1)",1.02113308130703
"1112","SP3(+)","CD14+Mono(1)",0.378024893883896
"1113","SP4(+)","CD14+Mono(1)",0.0124272601740635
"1114","SPI1(+)","CD14+Mono(1)",1.03383303186894
"1115","SPIB(+)","CD14+Mono(1)",0.410078347576645
"1116","SREBF1(+)","CD14+Mono(1)",1.40099753076013
"1117","SREBF2(+)","CD14+Mono(1)",0.828604853934478
"1118","SRF(+)","CD14+Mono(1)",0.942129541287525
"1119","STAT1(+)","CD14+Mono(1)",0.968054894489539
"1120","STAT2(+)","CD14+Mono(1)",1.12879514611649
"1121","STAT3(+)","CD14+Mono(1)",0.458306198495544
"1122","STAT4(+)","CD14+Mono(1)",0.170293238592874
"1123","STAT5A(+)","CD14+Mono(1)",0.578534883454525
"1124","STAT6(+)","CD14+Mono(1)",0.478625580202067
"1125","SUPT20H(+)","CD14+Mono(1)",0.23487334044897
"1126","SUZ12(+)","CD14+Mono(1)",0.330167974098803
"1127","TAF1(+)","CD14+Mono(1)",0.777636852305884
"1128","TAF7(+)","CD14+Mono(1)",0.792772072408573
"1130","TBL1XR1(+)","CD14+Mono(1)",1.40621690366332
"1131","TBP(+)","CD14+Mono(1)",0.743574427907735
"1132","TBX19(+)","CD14+Mono(1)",0.769045276777967
"1134","TBX6(+)","CD14+Mono(1)",1.54701850740177
"1135","TCF12(+)","CD14+Mono(1)",0.751941456317463
"1136","TCF3(+)","CD14+Mono(1)",0.543538538046579
"1137","TCF4(+)","CD14+Mono(1)",1.35578746603391
"1138","TCF7(+)","CD14+Mono(1)",0.0534038154296389
"1139","TCF7L2(+)","CD14+Mono(1)",0.248546185584511
"1140","TCFL5(+)","CD14+Mono(1)",0.537969291189137
"1143","TFEB(+)","CD14+Mono(1)",1.09815039138763
"1144","TFEC(+)","CD14+Mono(1)",0.935038945850766
"1145","THAP1(+)","CD14+Mono(1)",0.880492281325464
"1147","TRIM28(+)","CD14+Mono(1)",0.770948693038437
"1148","TRPS1(+)","CD14+Mono(1)",1.27596065920639
"1149","UBTF(+)","CD14+Mono(1)",1.30183951022076
"1150","USF1(+)","CD14+Mono(1)",0.542248719005465
"1151","USF2(+)","CD14+Mono(1)",0.32616053348059
"1153","WRNIP1(+)","CD14+Mono(1)",1.0654927101587
"1154","XBP1(+)","CD14+Mono(1)",1.03092196134096
"1155","XRCC4(+)","CD14+Mono(1)",1.07731282811583
"1156","YY1(+)","CD14+Mono(1)",1.0151253597783
"1158","ZBTB14(+)","CD14+Mono(1)",0.515821292042453
"1159","ZBTB16(+)","CD14+Mono(1)",1.371151234324
"1160","ZBTB17(+)","CD14+Mono(1)",1.14427895296096
"1161","ZBTB33(+)","CD14+Mono(1)",0.636128368869948
"1162","ZBTB7A(+)","CD14+Mono(1)",0.149240073974552
"1163","ZBTB7B(+)","CD14+Mono(1)",1.25015740424521
"1164","ZEB1(+)","CD14+Mono(1)",0.117290553146945
"1165","ZFP1(+)","CD14+Mono(1)",1.05988685940128
"1166","ZFX(+)","CD14+Mono(1)",0.915940306460036
"1167","ZFY(+)","CD14+Mono(1)",1.41024861686695
"1168","ZHX1(+)","CD14+Mono(1)",0.353006197721795
"1169","ZMIZ1(+)","CD14+Mono(1)",1.25648449088512
"1170","ZNF121(+)","CD14+Mono(1)",0.8540040276559
"1171","ZNF143(+)","CD14+Mono(1)",1.22546113055536
"1173","ZNF236(+)","CD14+Mono(1)",1.05697836091198
"1174","ZNF254(+)","CD14+Mono(1)",1.56095252080404
"1175","ZNF274(+)","CD14+Mono(1)",1.09688191297896
"1176","ZNF319(+)","CD14+Mono(1)",0.776080576017973
"1177","ZNF350(+)","CD14+Mono(1)",0.581973335845537
"1178","ZNF358(+)","CD14+Mono(1)",1.36428327336278
"1179","ZNF362(+)","CD14+Mono(1)",1.45881074877021
"1180","ZNF384(+)","CD14+Mono(1)",1.06747393411848
"1181","ZNF43(+)","CD14+Mono(1)",1.02536487233602
"1182","ZNF444(+)","CD14+Mono(1)",0.715623505243103
"1183","ZNF467(+)","CD14+Mono(1)",0.0747792837579775
"1184","ZNF493(+)","CD14+Mono(1)",0.939060540822229
"1185","ZNF570(+)","CD14+Mono(1)",1.47930099016499
"1187","ZNF597(+)","CD14+Mono(1)",0.513052732843857
"1188","ZNF669(+)","CD14+Mono(1)",0.429277506867791
"1189","ZNF76(+)","CD14+Mono(1)",1.20877290113917
"1190","ZNF84(+)","CD14+Mono(1)",1.47238408218097
"1191","ZNF844(+)","CD14+Mono(1)",0.272175077666945
"1193","AHCTF1(+)","ActMono",0.585839332695665
"1194","ARID3A(+)","ActMono",0.763808822804876
"1195","ARID5A(+)","ActMono",2.03873819135975
"1196","ARNT(+)","ActMono",0.988558376144833
"1197","ARNTL(+)","ActMono",1.00878331360154
"1198","ARNTL2(+)","ActMono",0.65630881877424
"1199","ASCL2(+)","ActMono",0.197898484173903
"1200","ATF1(+)","ActMono",0.448208801509195
"1201","ATF2(+)","ActMono",1.26002611140099
"1202","ATF3(+)","ActMono",1.54335832033735
"1203","ATF4(+)","ActMono",1.26309932725991
"1204","ATF5(+)","ActMono",0.996696833306224
"1205","ATF6(+)","ActMono",0.106381173975778
"1206","ATF7(+)","ActMono",0.594670536999787
"1207","BACH1(+)","ActMono",0.967170378009991
"1209","BATF3(+)","ActMono",0.23023896117217
"1210","BCL11A(+)","ActMono",0.669376797589508
"1211","BCL3(+)","ActMono",1.45418715864363
"1212","BCL6(+)","ActMono",0.505815651172672
"1213","BCLAF1(+)","ActMono",1.26242419439539
"1214","BHLHE40(+)","ActMono",1.12036804102479
"1215","BPTF(+)","ActMono",0.730878244623577
"1216","BRF1(+)","ActMono",0.694314729770966
"1217","BRF2(+)","ActMono",0.628188509456297
"1219","CEBPB(+)","ActMono",1.10073275728775
"1220","CEBPD(+)","ActMono",0.992640214449963
"1221","CEBPE(+)","ActMono",0.197756928989363
"1222","CEBPG(+)","ActMono",0.722199618628972
"1224","CHD2(+)","ActMono",0.883330948844509
"1225","CNOT3(+)","ActMono",0.588773008797918
"1226","CREB1(+)","ActMono",0.45691764192476
"1227","CREB3(+)","ActMono",0.486882377784083
"1228","CREB3L2(+)","ActMono",0.622116263630114
"1230","CREB5(+)","ActMono",0.139807847948865
"1231","CREBL2(+)","ActMono",0.274558662793097
"1233","CTCF(+)","ActMono",0.707300920682014
"1234","CUX1(+)","ActMono",0.364702240789649
"1235","DBP(+)","ActMono",0.665389076955263
"1236","DEAF1(+)","ActMono",0.0339902360835699
"1238","E2F2(+)","ActMono",0.818250341344294
"1239","E2F3(+)","ActMono",1.02530475866213
"1240","E2F4(+)","ActMono",0.620553209257514
"1241","E2F5(+)","ActMono",0.724471994821443
"1242","E2F6(+)","ActMono",0.383666598485034
"1243","EGR1(+)","ActMono",1.57311479477582
"1244","EGR2(+)","ActMono",2.13578164449907
"1245","EGR3(+)","ActMono",2.03056802354309
"1246","ELF1(+)","ActMono",0.763312992741525
"1247","ELF2(+)","ActMono",1.06702765022781
"1248","ELF3(+)","ActMono",0.579372347871475
"1249","ELF4(+)","ActMono",0.600360625186582
"1250","ELK1(+)","ActMono",0.815194163221096
"1251","ELK3(+)","ActMono",0.193183437283261
"1252","ELK4(+)","ActMono",0.526840640684049
"1253","EP300(+)","ActMono",0.901965201849087
"1254","ERF(+)","ActMono",1.26533087257402
"1255","ESRRA(+)","ActMono",0.772274943444814
"1256","ETS1(+)","ActMono",0.0704659214015958
"1257","ETS2(+)","ActMono",1.23744151699707
"1258","ETV2(+)","ActMono",0.818587672477132
"1259","ETV3(+)","ActMono",1.0195816159942
"1260","ETV5(+)","ActMono",0.498808595623135
"1261","ETV6(+)","ActMono",0.843938885414296
"1262","ETV7(+)","ActMono",1.18315972821061
"1263","EZH2(+)","ActMono",1.13080760073887
"1265","FOS(+)","ActMono",0.997751142335453
"1266","FOSB(+)","ActMono",1.08609386285361
"1267","FOSL1(+)","ActMono",1.813821286548
"1268","FOSL2(+)","ActMono",0.912858584848666
"1269","FOXJ2(+)","ActMono",0.440962772659566
"1271","FOXK2(+)","ActMono",0.0699241489732934
"1272","FOXN2(+)","ActMono",0.98577820782175
"1275","FOXO4(+)","ActMono",0.162533677808785
"1276","FOXP1(+)","ActMono",0.443329322296021
"1277","FOXP4(+)","ActMono",1.04423676492186
"1278","GABPA(+)","ActMono",1.30899921402701
"1279","GABPB1(+)","ActMono",0.673176818528592
"1282","GATA3(+)","ActMono",0.356951034014615
"1283","GTF2F1(+)","ActMono",0.804268698084342
"1284","GZF1(+)","ActMono",1.29058838359607
"1286","HCFC1(+)","ActMono",1.35939866811976
"1287","HDAC2(+)","ActMono",0.83136860096889
"1288","HES1(+)","ActMono",0.964089102180189
"1289","HIC1(+)","ActMono",0.867333383099502
"1290","HMGA1(+)","ActMono",0.216874570305168
"1291","HMGB2(+)","ActMono",0.768973956511733
"1294","HOXA10(+)","ActMono",0.593870427040576
"1297","ID1(+)","ActMono",0.688581204027948
"1298","IKZF1(+)","ActMono",0.826052167010846
"1300","IRF1(+)","ActMono",1.4264788007805
"1301","IRF2(+)","ActMono",0.879885759655074
"1302","IRF3(+)","ActMono",1.10212694516843
"1303","IRF4(+)","ActMono",1.08062317158802
"1304","IRF5(+)","ActMono",1.45353323446048
"1305","IRF7(+)","ActMono",1.27965556242814
"1306","IRF8(+)","ActMono",0.708973137485864
"1307","IRF9(+)","ActMono",1.24872391927342
"1308","JDP2(+)","ActMono",0.512798194968796
"1309","JUN(+)","ActMono",1.22052784752698
"1310","JUNB(+)","ActMono",1.24232022682641
"1311","JUND(+)","ActMono",1.18024379298975
"1312","KDM5A(+)","ActMono",0.363720252915249
"1313","KDM5B(+)","ActMono",0.814399263722778
"1314","KLF10(+)","ActMono",2.01667504685867
"1315","KLF11(+)","ActMono",0.419426142738555
"1316","KLF12(+)","ActMono",0.318163785021221
"1317","KLF13(+)","ActMono",0.763825660315112
"1318","KLF16(+)","ActMono",0.152623606302178
"1319","KLF2(+)","ActMono",1.07202611909167
"1322","KLF6(+)","ActMono",1.36275085613919
"1324","LEF1(+)","ActMono",0.144184595644421
"1326","MAF(+)","ActMono",0.876478035527329
"1327","MAFB(+)","ActMono",1.34563501716519
"1328","MAFF(+)","ActMono",1.55674929355033
"1329","MAFG(+)","ActMono",0.913371302202624
"1330","MAFK(+)","ActMono",0.85535408300979
"1331","MAGEF1(+)","ActMono",0.409334952449562
"1333","MAZ(+)","ActMono",0.407088120741833
"1334","MEF2A(+)","ActMono",0.155712645215435
"1335","MEF2B(+)","ActMono",0.440587150922964
"1336","MEF2D(+)","ActMono",0.711753414981443
"1337","MGA(+)","ActMono",0.0775352046889867
"1338","MITF(+)","ActMono",0.84784446519491
"1339","MLX(+)","ActMono",0.741243777432095
"1340","MLXIP(+)","ActMono",0.73731481304156
"1341","MNT(+)","ActMono",1.74159773023783
"1342","MTA3(+)","ActMono",0.259078939677893
"1343","MXD1(+)","ActMono",1.01231735996446
"1344","MXI1(+)","ActMono",0.867911857966831
"1345","MYB(+)","ActMono",0.316719374557352
"1346","MYBL1(+)","ActMono",0.165592568067675
"1347","MYC(+)","ActMono",0.866027225881474
"1348","NELFE(+)","ActMono",0.793606083013605
"1350","NFE2(+)","ActMono",0.495664542311152
"1351","NFE2L1(+)","ActMono",1.59637033031855
"1353","NFE2L3(+)","ActMono",0.889269321177776
"1354","NFIC(+)","ActMono",0.0335938544121415
"1355","NFIL3(+)","ActMono",1.4286122804378
"1356","NFKB1(+)","ActMono",1.4335671651858
"1357","NFKB2(+)","ActMono",1.44687395161961
"1358","NFYA(+)","ActMono",0.414080246013302
"1359","NFYB(+)","ActMono",0.624633653606064
"1360","NR1D1(+)","ActMono",0.0939493774353891
"1361","NR1D2(+)","ActMono",0.670514536004139
"1363","NR2C1(+)","ActMono",1.67119700035483
"1364","NR2C2(+)","ActMono",1.73294126639263
"1365","NR2F6(+)","ActMono",0.395256955894776
"1366","NR3C1(+)","ActMono",0.667188322676554
"1369","NRF1(+)","ActMono",0.768734007650364
"1371","PBX3(+)","ActMono",0.132177352452249
"1373","PHF8(+)","ActMono",0.556854937680903
"1374","PML(+)","ActMono",1.66614768693459
"1376","POLE4(+)","ActMono",0.450109964392184
"1377","POLR2A(+)","ActMono",0.635586975363648
"1378","POLR3A(+)","ActMono",0.763085811111873
"1380","PPARA(+)","ActMono",0.253798040505572
"1381","PRDM1(+)","ActMono",0.720390584634981
"1382","PRKAA1(+)","ActMono",0.736487710471499
"1383","RAD21(+)","ActMono",0.704291730652074
"1384","RARA(+)","ActMono",0.570997425114191
"1385","RARG(+)","ActMono",0.896348755041518
"1387","RBBP5(+)","ActMono",1.35380988857902
"1388","RCOR1(+)","ActMono",0.747541971386847
"1389","REL(+)","ActMono",0.389712512461411
"1390","RELA(+)","ActMono",0.711623228572275
"1391","RELB(+)","ActMono",1.32637369974181
"1392","REST(+)","ActMono",0.171341662409201
"1393","RFX2(+)","ActMono",0.364546344363956
"1394","RFX5(+)","ActMono",0.663761270114496
"1395","RFXANK(+)","ActMono",0.626516374048858
"1396","RFXAP(+)","ActMono",0.540697621575378
"1399","SAP30(+)","ActMono",1.09856500584707
"1400","SETDB1(+)","ActMono",0.409849283357468
"1401","SIN3A(+)","ActMono",0.976588701106603
"1402","SMARCA4(+)","ActMono",0.443780782362725
"1403","SMARCC1(+)","ActMono",0.700076641902354
"1404","SMARCC2(+)","ActMono",0.164699352823075
"1407","SOX4(+)","ActMono",0.335891678615163
"1408","SP1(+)","ActMono",0.463213216942921
"1409","SP2(+)","ActMono",0.870799243892999
"1412","SPI1(+)","ActMono",0.931122022432064
"1413","SPIB(+)","ActMono",0.458817656912415
"1414","SREBF1(+)","ActMono",1.15620784389622
"1415","SREBF2(+)","ActMono",0.686319201412948
"1416","SRF(+)","ActMono",1.13260221410532
"1417","STAT1(+)","ActMono",1.42885788125838
"1418","STAT2(+)","ActMono",1.14318994568864
"1419","STAT3(+)","ActMono",0.735656820661265
"1420","STAT4(+)","ActMono",1.36947909832555
"1421","STAT5A(+)","ActMono",0.39045183214368
"1422","STAT6(+)","ActMono",0.750447565793995
"1423","SUPT20H(+)","ActMono",0.582870174977892
"1425","TAF1(+)","ActMono",0.255324079351147
"1426","TAF7(+)","ActMono",0.837199214909172
"1428","TBL1XR1(+)","ActMono",0.720308191587604
"1429","TBP(+)","ActMono",0.58488306719888
"1432","TBX6(+)","ActMono",0.624060226681103
"1433","TCF12(+)","ActMono",1.36891988667218
"1434","TCF3(+)","ActMono",1.14469032362624
"1435","TCF4(+)","ActMono",0.407304338250572
"1436","TCF7(+)","ActMono",0.0862130906322709
"1437","TCF7L2(+)","ActMono",0.377401472279381
"1438","TCFL5(+)","ActMono",1.51814666730886
"1441","TFEB(+)","ActMono",0.493160881560073
"1442","TFEC(+)","ActMono",0.863801621673903
"1443","THAP1(+)","ActMono",1.46157067545351
"1445","TRIM28(+)","ActMono",0.928420769626058
"1446","TRPS1(+)","ActMono",0.47056839774724
"1447","UBTF(+)","ActMono",0.773314203611108
"1448","USF1(+)","ActMono",0.644864780887757
"1449","USF2(+)","ActMono",0.252199338704943
"1451","WRNIP1(+)","ActMono",0.295894479781883
"1452","XBP1(+)","ActMono",0.452765791601739
"1453","XRCC4(+)","ActMono",0.964079503484043
"1454","YY1(+)","ActMono",0.557340037945713
"1456","ZBTB14(+)","ActMono",0.336188040091669
"1457","ZBTB16(+)","ActMono",0.506143307362415
"1458","ZBTB17(+)","ActMono",0.717561216328035
"1459","ZBTB33(+)","ActMono",1.0099495350191
"1460","ZBTB7A(+)","ActMono",0.355215233503792
"1461","ZBTB7B(+)","ActMono",0.397330311395118
"1462","ZEB1(+)","ActMono",0.217596797221804
"1463","ZFP1(+)","ActMono",0.0853745277641102
"1464","ZFX(+)","ActMono",0.726891116022296
"1465","ZFY(+)","ActMono",0.646606382712353
"1467","ZMIZ1(+)","ActMono",0.575214371703622
"1468","ZNF121(+)","ActMono",0.393481700233085
"1469","ZNF143(+)","ActMono",0.693804183378193
"1470","ZNF200(+)","ActMono",0.224609897799826
"1471","ZNF236(+)","ActMono",0.500263669143194
"1472","ZNF254(+)","ActMono",0.863571468691824
"1473","ZNF274(+)","ActMono",1.27947134909287
"1474","ZNF319(+)","ActMono",1.25562869698114
"1475","ZNF350(+)","ActMono",0.257500707059147
"1476","ZNF358(+)","ActMono",0.689252622875643
"1477","ZNF362(+)","ActMono",1.00453283498884
"1478","ZNF384(+)","ActMono",0.761606762372565
"1479","ZNF43(+)","ActMono",0.915201445025843
"1480","ZNF444(+)","ActMono",1.59456980834388
"1481","ZNF467(+)","ActMono",0.0883028240139534
"1483","ZNF570(+)","ActMono",0.0231422847819347
"1485","ZNF597(+)","ActMono",0.154929703939124
"1486","ZNF669(+)","ActMono",0.134091234500774
"1487","ZNF76(+)","ActMono",0.494324982476143
"1488","ZNF84(+)","ActMono",1.36172041406151
"1489","ZNF844(+)","ActMono",0.361398480406048
"1496","ARNTL2(+)","CD16+Mono",0.1978544477523
"1497","ASCL2(+)","CD16+Mono",0.59635858000381
"1500","ATF3(+)","CD16+Mono",0.0917055553585936
"1501","ATF4(+)","CD16+Mono",0.21705984518675
"1507","BATF3(+)","CD16+Mono",2.48581277987433
"1508","BCL11A(+)","CD16+Mono",0.938371731647042
"1512","BHLHE40(+)","CD16+Mono",0.207207427206706
"1515","BRF2(+)","CD16+Mono",1.48383281143222
"1517","CEBPB(+)","CD16+Mono",0.963809016945248
"1520","CEBPG(+)","CD16+Mono",0.0799189848789724
"1529","CREBL2(+)","CD16+Mono",0.399424021856784
"1530","CREM(+)","CD16+Mono",0.215940012487624
"1531","CTCF(+)","CD16+Mono",0.318117924652557
"1532","CUX1(+)","CD16+Mono",2.42146841625727
"1534","DEAF1(+)","CD16+Mono",0.0712614768982637
"1536","E2F2(+)","CD16+Mono",1.25673017409372
"1538","E2F4(+)","CD16+Mono",0.485797755839007
"1539","E2F5(+)","CD16+Mono",0.506885413073576
"1540","E2F6(+)","CD16+Mono",0.690197982434785
"1541","EGR1(+)","CD16+Mono",0.159300761001714
"1546","ELF3(+)","CD16+Mono",0.542147867980918
"1548","ELK1(+)","CD16+Mono",0.302820565954823
"1550","ELK4(+)","CD16+Mono",0.375503742375395
"1551","EP300(+)","CD16+Mono",0.0326574097598092
"1553","ESRRA(+)","CD16+Mono",1.56489537968712
"1555","ETS2(+)","CD16+Mono",0.346722520210259
"1556","ETV2(+)","CD16+Mono",0.0519118316155383
"1558","ETV5(+)","CD16+Mono",0.750361838897407
"1559","ETV6(+)","CD16+Mono",0.171333570418477
"1560","ETV7(+)","CD16+Mono",0.70483383016446
"1561","EZH2(+)","CD16+Mono",0.224125440978759
"1573","FOXO4(+)","CD16+Mono",0.0258791495021772
"1574","FOXP1(+)","CD16+Mono",0.300227792780024
"1577","GABPB1(+)","CD16+Mono",0.968732222861487
"1580","GATA3(+)","CD16+Mono",0.333964257920192
"1581","GTF2F1(+)","CD16+Mono",0.442669921182718
"1584","HCFC1(+)","CD16+Mono",0.219178299742718
"1585","HDAC2(+)","CD16+Mono",0.608310086684788
"1586","HES1(+)","CD16+Mono",0.807308314113272
"1588","HMGA1(+)","CD16+Mono",0.497509845111945
"1591","HMGN3(+)","CD16+Mono",0.602724160564653
"1592","HOXA10(+)","CD16+Mono",0.401441471424655
"1593","HOXB4(+)","CD16+Mono",0.433237932613371
"1595","ID1(+)","CD16+Mono",0.619270193591215
"1596","IKZF1(+)","CD16+Mono",1.61888602870341
"1598","IRF1(+)","CD16+Mono",0.30729034012045
"1599","IRF2(+)","CD16+Mono",0.423543459420009
"1601","IRF4(+)","CD16+Mono",0.866505798351327
"1603","IRF7(+)","CD16+Mono",0.419739183324529
"1605","IRF9(+)","CD16+Mono",0.303968528025031
"1609","JUND(+)","CD16+Mono",0.0967577896513896
"1611","KDM5B(+)","CD16+Mono",0.194292918623819
"1613","KLF11(+)","CD16+Mono",1.14788576426617
"1614","KLF12(+)","CD16+Mono",2.04514217292556
"1616","KLF16(+)","CD16+Mono",0.172651968321291
"1617","KLF2(+)","CD16+Mono",1.5076970132017
"1618","KLF3(+)","CD16+Mono",1.67405217285588
"1619","KLF4(+)","CD16+Mono",1.91319236736266
"1625","MAFB(+)","CD16+Mono",0.551259359203913
"1631","MAZ(+)","CD16+Mono",0.689263227959307
"1633","MEF2B(+)","CD16+Mono",0.502714766143845
"1634","MEF2D(+)","CD16+Mono",0.205480439268654
"1637","MLX(+)","CD16+Mono",0.35823879423504
"1638","MLXIP(+)","CD16+Mono",0.518867283231356
"1644","MYBL1(+)","CD16+Mono",0.526265935836083
"1645","MYC(+)","CD16+Mono",0.448014482401635
"1646","NELFE(+)","CD16+Mono",0.878937728513061
"1650","NFE2L2(+)","CD16+Mono",2.20565322987987
"1657","NFYB(+)","CD16+Mono",0.622141491478615
"1658","NR1D1(+)","CD16+Mono",1.86848599454629
"1660","NR1H2(+)","CD16+Mono",0.869540747811767
"1661","NR2C1(+)","CD16+Mono",0.157188367075081
"1663","NR2F6(+)","CD16+Mono",0.0906327143795399
"1666","NR6A1(+)","CD16+Mono",1.98456065739856
"1669","PBX3(+)","CD16+Mono",0.710592773984495
"1674","POLE4(+)","CD16+Mono",0.50416799052418
"1675","POLR2A(+)","CD16+Mono",0.643708496930225
"1676","POLR3A(+)","CD16+Mono",0.166088073698842
"1680","PRKAA1(+)","CD16+Mono",0.871038623326099
"1682","RARA(+)","CD16+Mono",1.39684356397309
"1683","RARG(+)","CD16+Mono",0.453063111996675
"1685","RBBP5(+)","CD16+Mono",0.16258179855359
"1686","RCOR1(+)","CD16+Mono",0.13222972240447
"1687","REL(+)","CD16+Mono",2.28424814087694
"1689","RELB(+)","CD16+Mono",0.0546794425161325
"1690","REST(+)","CD16+Mono",0.386916712562877
"1692","RFX5(+)","CD16+Mono",0.276378059124766
"1693","RFXANK(+)","CD16+Mono",0.179976351798016
"1694","RFXAP(+)","CD16+Mono",0.0488382992723467
"1696","RUNX3(+)","CD16+Mono",1.80135172091013
"1698","SETDB1(+)","CD16+Mono",0.510023556014232
"1699","SIN3A(+)","CD16+Mono",0.407264839147613
"1700","SMARCA4(+)","CD16+Mono",0.315172612823089
"1701","SMARCC1(+)","CD16+Mono",1.11396865967644
"1703","SMC3(+)","CD16+Mono",1.36998407782748
"1707","SP2(+)","CD16+Mono",0.246153372190896
"1708","SP3(+)","CD16+Mono",1.02838757059109
"1710","SPI1(+)","CD16+Mono",1.22777616082843
"1711","SPIB(+)","CD16+Mono",0.60799687687974
"1713","SREBF2(+)","CD16+Mono",0.18863333200682
"1714","SRF(+)","CD16+Mono",0.267484074394243
"1715","STAT1(+)","CD16+Mono",0.0785481543126007
"1720","STAT6(+)","CD16+Mono",0.286449181104415
"1721","SUPT20H(+)","CD16+Mono",0.219943021078017
"1726","TBL1XR1(+)","CD16+Mono",0.722910552054109
"1728","TBX19(+)","CD16+Mono",1.25303673140484
"1731","TCF12(+)","CD16+Mono",0.69231198223788
"1732","TCF3(+)","CD16+Mono",1.0185562294772
"1733","TCF4(+)","CD16+Mono",0.73731767736822
"1734","TCF7(+)","CD16+Mono",0.0928106348371493
"1735","TCF7L2(+)","CD16+Mono",2.41860776534776
"1739","TFEB(+)","CD16+Mono",0.344644984895335
"1742","THAP11(+)","CD16+Mono",0.113897600623098
"1747","USF2(+)","CD16+Mono",0.200798164782848
"1749","WRNIP1(+)","CD16+Mono",0.380175090652096
"1751","XRCC4(+)","CD16+Mono",0.20952768934279
"1752","YY1(+)","CD16+Mono",0.0975561427824599
"1756","ZBTB17(+)","CD16+Mono",0.701915928461164
"1758","ZBTB7A(+)","CD16+Mono",2.3971109289157
"1761","ZFP1(+)","CD16+Mono",0.262723178916193
"1762","ZFX(+)","CD16+Mono",0.170107329108227
"1764","ZHX1(+)","CD16+Mono",1.69184355651599
"1766","ZNF121(+)","CD16+Mono",0.525809237163731
"1767","ZNF143(+)","CD16+Mono",0.866575075161567
"1769","ZNF236(+)","CD16+Mono",0.547726759824343
"1771","ZNF274(+)","CD16+Mono",0.129593832734443
"1778","ZNF444(+)","CD16+Mono",0.247823481546575
"1779","ZNF467(+)","CD16+Mono",0.105381191368796
"1781","ZNF570(+)","CD16+Mono",0.159495290758913
"1783","ZNF597(+)","CD16+Mono",0.317927616357756
"1785","ZNF76(+)","CD16+Mono",1.91396471416339
"1787","ZNF844(+)","CD16+Mono",0.142891992101732
"1794","ARNTL2(+)","DC",0.394222100154143
"1795","ASCL2(+)","DC",0.527765473967096
"1799","ATF4(+)","DC",0.0184859463146274
"1804","BACH2(+)","DC",0.48283735787027
"1806","BCL11A(+)","DC",0.514285321710761
"1810","BHLHE40(+)","DC",0.260529626915279
"1814","CEBPA(+)","DC",0.986620388827608
"1819","CEBPZ(+)","DC",0.512140287107609
"1823","CREB3(+)","DC",0.692647146394092
"1824","CREB3L2(+)","DC",0.115462084873554
"1825","CREB3L4(+)","DC",0.586933675915482
"1828","CREM(+)","DC",0.412601941328922
"1831","DBP(+)","DC",0.10450916631733
"1834","E2F2(+)","DC",0.0617456990741788
"1836","E2F4(+)","DC",1.06798981311815
"1837","E2F5(+)","DC",0.105376388791928
"1838","E2F6(+)","DC",0.636381669042194
"1846","ELK1(+)","DC",0.227271477514377
"1856","ETV5(+)","DC",0.376841299971087
"1865","FOXJ2(+)","DC",0.0112434603173405
"1869","FOXO1(+)","DC",0.322402092421169
"1883","HDAC2(+)","DC",0.552355398771247
"1886","HMGA1(+)","DC",0.465096753577454
"1888","HMGB3(+)","DC",0.0429614687644837
"1889","HMGN3(+)","DC",0.426103613069822
"1890","HOXA10(+)","DC",1.29989343044005
"1891","HOXB4(+)","DC",0.236796172447353
"1893","ID1(+)","DC",0.444002271752971
"1902","IRF8(+)","DC",0.532072726668462
"1917","KLF4(+)","DC",0.0540813568415584
"1922","MAF(+)","DC",0.70347738100867
"1929","MAZ(+)","DC",0.617071499259618
"1930","MEF2A(+)","DC",0.660578492811198
"1935","MLX(+)","DC",0.161738134199595
"1936","MLXIP(+)","DC",0.117725903074569
"1945","NF1(+)","DC",2.43671807268668
"1949","NFE2L3(+)","DC",0.0124304840518659
"1955","NFYB(+)","DC",1.47801917670101
"1956","NR1D1(+)","DC",0.12592627062039
"1957","NR1D2(+)","DC",0.188352139757487
"1963","NR4A2(+)","DC",1.37099591821859
"1964","NR6A1(+)","DC",0.00935559221337201
"1971","POLE3(+)","DC",1.32300225837729
"1977","PRDM1(+)","DC",0.253105235506001
"1982","RB1(+)","DC",0.394397255429473
"1985","REL(+)","DC",0.123786476603669
"1988","REST(+)","DC",0.25615270735613
"1990","RFX5(+)","DC",1.11347980141361
"1991","RFXANK(+)","DC",0.288571584706642
"1993","RUNX2(+)","DC",0.758182182579485
"1998","SMARCA4(+)","DC",0.480543545229297
"2009","SPIB(+)","DC",1.42439384318072
"2026","TBX19(+)","DC",0.852175575558951
"2028","TBX6(+)","DC",0.0996504189800174
"2031","TCF4(+)","DC",0.350873894186203
"2038","TFEC(+)","DC",0.421465846253556
"2041","TRIM28(+)","DC",0.846835985386199
"2057","ZBTB7B(+)","DC",0.218381287654257
"2067","ZNF236(+)","DC",0.57394281577715
"2071","ZNF350(+)","DC",0.214366575624421
"2072","ZNF358(+)","DC",0.240638921761404
"2074","ZNF384(+)","DC",0.190282498719912
"2078","ZNF493(+)","DC",0.171542191241293
"2086","ZNF92(+)","DC",0.373089088022457
"2089","ARID5A(+)","NEU(2)",0.468231320000894
"2091","ARNTL(+)","NEU(2)",0.88675632472066
"2093","ASCL2(+)","NEU(2)",0.720455809818708
"2095","ATF2(+)","NEU(2)",0.15746956398351
"2098","ATF5(+)","NEU(2)",0.105755375471679
"2099","ATF6(+)","NEU(2)",0.539211094721102
"2102","BACH2(+)","NEU(2)",2.51622879856608
"2106","BCL6(+)","NEU(2)",0.0908442407145919
"2107","BCLAF1(+)","NEU(2)",0.00721471529586208
"2108","BHLHE40(+)","NEU(2)",0.00208722779862593
"2110","BRF1(+)","NEU(2)",0.389935784931151
"2111","BRF2(+)","NEU(2)",0.103189791771016
"2112","CEBPA(+)","NEU(2)",0.0329297017614245
"2117","CEBPZ(+)","NEU(2)",0.758799487008348
"2118","CHD2(+)","NEU(2)",0.229661259341435
"2119","CNOT3(+)","NEU(2)",0.492783890744589
"2120","CREB1(+)","NEU(2)",0.592440261599879
"2121","CREB3(+)","NEU(2)",0.133342782675432
"2122","CREB3L2(+)","NEU(2)",0.80483087669688
"2123","CREB3L4(+)","NEU(2)",0.256520146369424
"2124","CREB5(+)","NEU(2)",0.194999492587907
"2125","CREBL2(+)","NEU(2)",0.484317051780377
"2126","CREM(+)","NEU(2)",0.115832905609847
"2127","CTCF(+)","NEU(2)",0.0732794743355808
"2129","DBP(+)","NEU(2)",0.243797092046913
"2130","DEAF1(+)","NEU(2)",0.30269642694196
"2133","E2F3(+)","NEU(2)",0.00234053555422223
"2134","E2F4(+)","NEU(2)",0.611375568464855
"2135","E2F5(+)","NEU(2)",0.273660399145101
"2136","E2F6(+)","NEU(2)",0.0121714496381074
"2138","EGR2(+)","NEU(2)",0.0420070943278597
"2139","EGR3(+)","NEU(2)",0.421688502598696
"2141","ELF2(+)","NEU(2)",0.128164798891534
"2142","ELF3(+)","NEU(2)",0.0105641819131639
"2143","ELF4(+)","NEU(2)",0.0677046911418513
"2144","ELK1(+)","NEU(2)",0.271218617035431
"2146","ELK4(+)","NEU(2)",0.221662652618093
"2150","ETS1(+)","NEU(2)",2.00022944296226
"2153","ETV3(+)","NEU(2)",0.333421677629872
"2156","ETV7(+)","NEU(2)",0.097194699290419
"2158","FLI1(+)","NEU(2)",0.1410585069843
"2160","FOSB(+)","NEU(2)",0.0900779426863829
"2162","FOSL2(+)","NEU(2)",0.0374551614370613
"2164","FOXJ3(+)","NEU(2)",0.706525963211003
"2165","FOXK2(+)","NEU(2)",0.490160763262952
"2167","FOXO1(+)","NEU(2)",0.714913999491156
"2168","FOXO3(+)","NEU(2)",0.0919143645219765
"2169","FOXO4(+)","NEU(2)",0.0986478010348164
"2170","FOXP1(+)","NEU(2)",0.475145343829118
"2171","FOXP4(+)","NEU(2)",0.276237452712462
"2176","GATA3(+)","NEU(2)",0.174555188932674
"2177","GTF2F1(+)","NEU(2)",0.485582842076445
"2183","HIC1(+)","NEU(2)",0.160643997515968
"2184","HMGA1(+)","NEU(2)",0.369004593038362
"2186","HMGB3(+)","NEU(2)",1.33767992194866
"2187","HMGN3(+)","NEU(2)",0.668646997821354
"2188","HOXA10(+)","NEU(2)",0.416762422790993
"2190","HSF1(+)","NEU(2)",1.25952586248524
"2191","ID1(+)","NEU(2)",0.000449786092385673
"2193","IKZF2(+)","NEU(2)",0.259516555227564
"2196","IRF3(+)","NEU(2)",0.407140407483846
"2201","IRF9(+)","NEU(2)",0.077953567083527
"2202","JDP2(+)","NEU(2)",0.460673897836629
"2206","KDM5A(+)","NEU(2)",0.990075796157554
"2207","KDM5B(+)","NEU(2)",0.479784994521802
"2209","KLF11(+)","NEU(2)",0.344101088886933
"2210","KLF12(+)","NEU(2)",0.0826279961448723
"2212","KLF16(+)","NEU(2)",0.0431224545387393
"2215","KLF4(+)","NEU(2)",0.268119237363094
"2218","LEF1(+)","NEU(2)",0.291103114438382
"2219","LMO2(+)","NEU(2)",1.37146524738516
"2220","MAF(+)","NEU(2)",0.636114604566269
"2222","MAFF(+)","NEU(2)",0.0235276721120844
"2223","MAFG(+)","NEU(2)",0.797157649333511
"2224","MAFK(+)","NEU(2)",0.229274059603769
"2227","MAZ(+)","NEU(2)",0.522106451160375
"2228","MEF2A(+)","NEU(2)",0.0867425151302645
"2230","MEF2D(+)","NEU(2)",0.793889148082354
"2231","MGA(+)","NEU(2)",0.143475240168575
"2233","MLX(+)","NEU(2)",0.152477349425174
"2234","MLXIP(+)","NEU(2)",0.270345369996086
"2235","MNT(+)","NEU(2)",0.22596385497871
"2240","MYBL1(+)","NEU(2)",1.21120961349934
"2242","NELFE(+)","NEU(2)",0.392785764643594
"2243","NF1(+)","NEU(2)",0.439715329733215
"2245","NFE2L1(+)","NEU(2)",0.0228443500090411
"2246","NFE2L2(+)","NEU(2)",0.350185263112263
"2247","NFE2L3(+)","NEU(2)",0.687146817656215
"2248","NFIC(+)","NEU(2)",0.790427682481916
"2250","NFKB1(+)","NEU(2)",0.75003309928599
"2251","NFKB2(+)","NEU(2)",0.0682303414172313
"2252","NFYA(+)","NEU(2)",0.482544933181352
"2255","NR1D2(+)","NEU(2)",1.02959342072917
"2258","NR2C2(+)","NEU(2)",0.758955807017916
"2260","NR3C1(+)","NEU(2)",0.217323601242916
"2261","NR4A2(+)","NEU(2)",0.767932113527698
"2263","NRF1(+)","NEU(2)",0.16166037463465
"2266","PHF2(+)","NEU(2)",0.747025007974324
"2267","PHF8(+)","NEU(2)",0.0287472288447736
"2268","PML(+)","NEU(2)",0.141588742457872
"2269","POLE3(+)","NEU(2)",0.419172581462594
"2273","POU2F1(+)","NEU(2)",1.45748026706444
"2274","PPARA(+)","NEU(2)",0.52713736442307
"2275","PRDM1(+)","NEU(2)",0.717018096050016
"2277","RAD21(+)","NEU(2)",0.245521894062481
"2280","RB1(+)","NEU(2)",1.21984250458898
"2281","RBBP5(+)","NEU(2)",0.00381682139782199
"2282","RCOR1(+)","NEU(2)",0.424351939774696
"2284","RELA(+)","NEU(2)",0.188091164735491
"2285","RELB(+)","NEU(2)",0.143277697774024
"2286","REST(+)","NEU(2)",0.740971560543351
"2289","RFXANK(+)","NEU(2)",0.833742255929203
"2290","RFXAP(+)","NEU(2)",0.251912490568792
"2291","RUNX2(+)","NEU(2)",1.56488621932665
"2292","RUNX3(+)","NEU(2)",1.62385703018114
"2293","SAP30(+)","NEU(2)",0.0240666061614057
"2294","SETDB1(+)","NEU(2)",0.424326928024778
"2296","SMARCA4(+)","NEU(2)",1.14298456396743
"2298","SMARCC2(+)","NEU(2)",1.13945290614679
"2300","SNAI1(+)","NEU(2)",0.317855830736648
"2303","SP2(+)","NEU(2)",0.00158548815860652
"2304","SP3(+)","NEU(2)",0.122496303045297
"2305","SP4(+)","NEU(2)",1.28258260159414
"2309","SREBF2(+)","NEU(2)",0.179963296905666
"2310","SRF(+)","NEU(2)",0.0588900552454809
"2313","STAT3(+)","NEU(2)",0.0652505928408767
"2314","STAT4(+)","NEU(2)",1.68922114613176
"2317","SUPT20H(+)","NEU(2)",0.514432088257775
"2319","TAF1(+)","NEU(2)",0.858567039394762
"2320","TAF7(+)","NEU(2)",0.342761548732447
"2323","TBP(+)","NEU(2)",0.342721878204764
"2324","TBX19(+)","NEU(2)",0.184109620558522
"2325","TBX21(+)","NEU(2)",2.4011970165575
"2328","TCF3(+)","NEU(2)",0.298675782155274
"2330","TCF7(+)","NEU(2)",2.4392143864027
"2335","TFEB(+)","NEU(2)",0.173252475241752
"2336","TFEC(+)","NEU(2)",0.328011221138552
"2338","THAP11(+)","NEU(2)",0.18720715005988
"2339","TRIM28(+)","NEU(2)",0.599588489644968
"2341","UBTF(+)","NEU(2)",0.69271611728481
"2344","VDR(+)","NEU(2)",0.116709022884197
"2345","WRNIP1(+)","NEU(2)",0.478245242345196
"2346","XBP1(+)","NEU(2)",1.10706772706505
"2347","XRCC4(+)","NEU(2)",0.301840568671446
"2348","YY1(+)","NEU(2)",0.195886889356465
"2349","ZBTB11(+)","NEU(2)",0.326988751939973
"2352","ZBTB17(+)","NEU(2)",0.79590269253278
"2353","ZBTB33(+)","NEU(2)",0.213734929066566
"2356","ZEB1(+)","NEU(2)",1.94215547536807
"2357","ZFP1(+)","NEU(2)",0.109938400782172
"2358","ZFX(+)","NEU(2)",0.186864125458648
"2360","ZHX1(+)","NEU(2)",0.202410112041423
"2361","ZMIZ1(+)","NEU(2)",0.395425199328204
"2363","ZNF143(+)","NEU(2)",0.159394034441911
"2364","ZNF200(+)","NEU(2)",0.277230808817673
"2369","ZNF350(+)","NEU(2)",1.44179870436152
"2371","ZNF362(+)","NEU(2)",0.332846408326377
"2372","ZNF384(+)","NEU(2)",0.541896450055379
"2375","ZNF467(+)","NEU(2)",0.38555375038529
"2376","ZNF493(+)","NEU(2)",0.760655619217652
"2377","ZNF570(+)","NEU(2)",0.166529034872618
"2379","ZNF597(+)","NEU(2)",0.504031819365675
"2380","ZNF669(+)","NEU(2)",0.851851310877042
"2383","ZNF844(+)","NEU(2)",1.05760244427615
"2384","ZNF92(+)","NEU(2)",0.309799367989174
"2385","AHCTF1(+)","Plalelet",1.69323474491361
"2410","CEBPA(+)","Plalelet",0.912508745840853
"2415","CEBPZ(+)","Plalelet",0.782395622621223
"2421","CREB3L4(+)","Plalelet",0.332069012030258
"2424","CREM(+)","Plalelet",1.95997004101004
"2429","E2F1(+)","Plalelet",2.6474714813779
"2438","ELF1(+)","Plalelet",1.568129375469
"2443","ELK3(+)","Plalelet",2.23310577849623
"2456","FLI1(+)","Plalelet",2.28806007058268
"2466","FOXO3(+)","Plalelet",2.26469854872095
"2470","GABPA(+)","Plalelet",0.837831767886295
"2472","GATA1(+)","Plalelet",2.66482838833996
"2473","GATA2(+)","Plalelet",2.52405505644923
"2477","HBP1(+)","Plalelet",2.65743599364014
"2481","HIC1(+)","Plalelet",0.733269457896545
"2491","IKZF2(+)","Plalelet",0.289599711629431
"2500","JDP2(+)","Plalelet",0.0881202644462297
"2512","KLF3(+)","Plalelet",1.27754538691597
"2513","KLF4(+)","Plalelet",0.225741524698745
"2515","KLF9(+)","Plalelet",2.64982860564403
"2516","LEF1(+)","Plalelet",2.46660531034977
"2518","MAF(+)","Plalelet",0.207015150404394
"2523","MAGEF1(+)","Plalelet",2.06130912102097
"2524","MAX(+)","Plalelet",2.64578708655583
"2529","MGA(+)","Plalelet",2.21989322281576
"2534","MTA3(+)","Plalelet",2.52732116314478
"2542","NFE2(+)","Plalelet",1.29416359082686
"2552","NR1D1(+)","Plalelet",0.0152696545497477
"2554","NR1H2(+)","Plalelet",2.19130043592559
"2562","PBX1(+)","Plalelet",2.48443646181262
"2563","PBX3(+)","Plalelet",1.15869958134585
"2564","PHF2(+)","Plalelet",0.417636810733126
"2585","RFX2(+)","Plalelet",2.2528387322217
"2589","RUNX2(+)","Plalelet",1.06005783189621
"2592","SETDB1(+)","Plalelet",0.408958406660392
"2597","SMC3(+)","Plalelet",1.81483099251986
"2616","SUZ12(+)","Plalelet",1.71101041423741
"2619","TAL1(+)","Plalelet",2.66100516951674
"2632","TFE3(+)","Plalelet",2.05579899878106
"2636","THAP11(+)","Plalelet",2.45874253136401
"2641","USF2(+)","Plalelet",2.17074424150225
"2642","VDR(+)","Plalelet",0.346955794205621
"2644","XBP1(+)","Plalelet",0.143945829086289
"2647","ZBTB11(+)","Plalelet",2.54853805503722
"2666","ZNF319(+)","Plalelet",0.719325174382239
"2676","ZNF587(+)","Plalelet",1.99172954812908
"2678","ZNF669(+)","Plalelet",0.506056453676272
"2682","ZNF92(+)","Plalelet",0.842771446375332
